{"Version":1,"ManifestType":"Publish","Endpoints":[{"Route":"css/site.0csj4fhvm9.css","AssetFile":"css/site.css","Selectors":[],"ResponseHeaders":[{"Name":"Accept-Ranges","Value":"bytes"},{"Name":"Cache-Control","Value":"max-age=31536000, immutable"},{"Name":"Content-Length","Value":"3993"},{"Name":"Content-Type","Value":"text/css"},{"Name":"ETag","Value":"\"0Pl3KB+XItqyjdOUNuFb/XiY6ixV56VN1ltrISxgHQc=\""},{"Name":"Last-Modified","Value":"Tue, 30 Sep 2025 00:21:17 GMT"}],"EndpointProperties":[{"Name":"fingerprint","Value":"0csj4fhvm9"},{"Name":"integrity","Value":"sha256-0Pl3KB+XItqyjdOUNuFb/XiY6ixV56VN1ltrISxgHQc="},{"Name":"label","Value":"css/site.css"}]},{"Route":"css/site.css","AssetFile":"css/site.css","Selectors":[],"ResponseHeaders":[{"Name":"Accept-Ranges","Value":"bytes"},{"Name":"Cache-Control","Value":"no-cache"},{"Name":"Content-Length","Value":"3993"},{"Name":"Content-Type","Value":"text/css"},{"Name":"ETag","Value":"\"0Pl3KB+XItqyjdOUNuFb/XiY6ixV56VN1ltrISxgHQc=\""},{"Name":"Last-Modified","Value":"Tue, 30 Sep 2025 00:21:17 GMT"}],"EndpointProperties":[{"Name":"integrity","Value":"sha256-0Pl3KB+XItqyjdOUNuFb/XiY6ixV56VN1ltrISxgHQc="}]},{"Route":"css/site.css.map","AssetFile":"css/site.css.map","Selectors":[],"ResponseHeaders":[{"Name":"Accept-Ranges","Value":"bytes"},{"Name":"Cache-Control","Value":"no-cache"},{"Name":"Content-Length","Value":"928"},{"Name":"Content-Type","Value":"text/plain"},{"Name":"ETag","Value":"\"1BivXVvRhCC9pwEzOri9kdxfC6Qh2LwMrW6odHHc8pg=\""},{"Name":"Last-Modified","Value":"Tue, 30 Sep 2025 00:21:17 GMT"}],"EndpointProperties":[{"Name":"integrity","Value":"sha256-1BivXVvRhCC9pwEzOri9kdxfC6Qh2LwMrW6odHHc8pg="}]},{"Route":"css/site.css.w3q4yia0k7.map","AssetFile":"css/site.css.map","Selectors":[],"ResponseHeaders":[{"Name":"Accept-Ranges","Value":"bytes"},{"Name":"Cache-Control","Value":"max-age=31536000, immutable"},{"Name":"Content-Length","Value":"928"},{"Name":"Content-Type","Value":"text/plain"},{"Name":"ETag","Value":"\"1BivXVvRhCC9pwEzOri9kdxfC6Qh2LwMrW6odHHc8pg=\""},{"Name":"Last-Modified","Value":"Tue, 30 Sep 2025 00:21:17 GMT"}],"EndpointProperties":[{"Name":"fingerprint","Value":"w3q4yia0k7"},{"Name":"integrity","Value":"sha256-1BivXVvRhCC9pwEzOri9kdxfC6Qh2LwMrW6odHHc8pg="},{"Name":"label","Value":"css/site.css.map"}]},{"Route":"css/site.min.css","AssetFile":"css/site.min.css","Selectors":[],"ResponseHeaders":[{"Name":"Accept-Ranges","Value":"bytes"},{"Name":"Cache-Control","Value":"no-cache"},{"Name":"Content-Length","Value":"2962"},{"Name":"Content-Type","Value":"text/css"},{"Name":"ETag","Value":"\"05BZC9d4dCmJccsYCJ8xeAtOn6UstdZ4weVaYXinLzU=\""},{"Name":"Last-Modified","Value":"Tue, 30 Sep 2025 00:21:17 GMT"}],"EndpointProperties":[{"Name":"integrity","Value":"sha256-05BZC9d4dCmJccsYCJ8xeAtOn6UstdZ4weVaYXinLzU="}]},{"Route":"css/site.min.xn9hcq3vrc.css","AssetFile":"css/site.min.css","Selectors":[],"ResponseHeaders":[{"Name":"Accept-Ranges","Value":"bytes"},{"Name":"Cache-Control","Value":"max-age=31536000, immutable"},{"Name":"Content-Length","Value":"2962"},{"Name":"Content-Type","Value":"text/css"},{"Name":"ETag","Value":"\"05BZC9d4dCmJccsYCJ8xeAtOn6UstdZ4weVaYXinLzU=\""},{"Name":"Last-Modified","Value":"Tue, 30 Sep 2025 00:21:17 GMT"}],"EndpointProperties":[{"Name":"fingerprint","Value":"xn9hcq3vrc"},{"Name":"integrity","Value":"sha256-05BZC9d4dCmJccsYCJ8xeAtOn6UstdZ4weVaYXinLzU="},{"Name":"label","Value":"css/site.min.css"}]},{"Route":"css/site.pcjyklz3in.scss","AssetFile":"css/site.scss","Selectors":[],"ResponseHeaders":[{"Name":"Accept-Ranges","Value":"bytes"},{"Name":"Cache-Control","Value":"max-age=31536000, immutable"},{"Name":"Content-Length","Value":"4837"},{"Name":"Content-Type","Value":"application/octet-stream"},{"Name":"ETag","Value":"\"eY7ALRqlBnVd5aLSN0FlcW7j6X9zeqkuKWY4kVs/gPo=\""},{"Name":"Last-Modified","Value":"Tue, 30 Sep 2025 00:21:17 GMT"}],"EndpointProperties":[{"Name":"fingerprint","Value":"pcjyklz3in"},{"Name":"integrity","Value":"sha256-eY7ALRqlBnVd5aLSN0FlcW7j6X9zeqkuKWY4kVs/gPo="},{"Name":"label","Value":"css/site.scss"}]},{"Route":"css/site.scss","AssetFile":"css/site.scss","Selectors":[],"ResponseHeaders":[{"Name":"Accept-Ranges","Value":"bytes"},{"Name":"Cache-Control","Value":"no-cache"},{"Name":"Content-Length","Value":"4837"},{"Name":"Content-Type","Value":"application/octet-stream"},{"Name":"ETag","Value":"\"eY7ALRqlBnVd5aLSN0FlcW7j6X9zeqkuKWY4kVs/gPo=\""},{"Name":"Last-Modified","Value":"Tue, 30 Sep 2025 00:21:17 GMT"}],"EndpointProperties":[{"Name":"integrity","Value":"sha256-eY7ALRqlBnVd5aLSN0FlcW7j6X9zeqkuKWY4kVs/gPo="}]},{"Route":"favicon.90yqlj465b.ico","AssetFile":"favicon.ico","Selectors":[],"ResponseHeaders":[{"Name":"Accept-Ranges","Value":"bytes"},{"Name":"Cache-Control","Value":"max-age=31536000, immutable"},{"Name":"Content-Length","Value":"32038"},{"Name":"Content-Type","Value":"image/x-icon"},{"Name":"ETag","Value":"\"qU+KhVPK6oQw3UyjzAHU4xjRmCj3TLZUU/+39dni9E0=\""},{"Name":"Last-Modified","Value":"Tue, 30 Sep 2025 00:21:17 GMT"}],"EndpointProperties":[{"Name":"fingerprint","Value":"90yqlj465b"},{"Name":"integrity","Value":"sha256-qU+KhVPK6oQw3UyjzAHU4xjRmCj3TLZUU/+39dni9E0="},{"Name":"label","Value":"favicon.ico"}]},{"Route":"favicon.ico","AssetFile":"favicon.ico","Selectors":[],"ResponseHeaders":[{"Name":"Accept-Ranges","Value":"bytes"},{"Name":"Cache-Control","Value":"no-cache"},{"Name":"Content-Length","Value":"32038"},{"Name":"Content-Type","Value":"image/x-icon"},{"Name":"ETag","Value":"\"qU+KhVPK6oQw3UyjzAHU4xjRmCj3TLZUU/+39dni9E0=\""},{"Name":"Last-Modified","Value":"Tue, 30 Sep 2025 00:21:17 GMT"}],"EndpointProperties":[{"Name":"integrity","Value":"sha256-qU+KhVPK6oQw3UyjzAHU4xjRmCj3TLZUU/+39dni9E0="}]},{"Route":"images/avatars/default.svg","AssetFile":"images/avatars/default.svg","Selectors":[],"ResponseHeaders":[{"Name":"Accept-Ranges","Value":"bytes"},{"Name":"Cache-Control","Value":"no-cache"},{"Name":"Content-Length","Value":"1388"},{"Name":"Content-Type","Value":"image/svg+xml"},{"Name":"ETag","Value":"\"stAUP1TDBhGKitHAsyCxO6LIyYkajY5pA1tHqwc2QZg=\""},{"Name":"Last-Modified","Value":"Tue, 30 Sep 2025 00:21:17 GMT"}],"EndpointProperties":[{"Name":"integrity","Value":"sha256-stAUP1TDBhGKitHAsyCxO6LIyYkajY5pA1tHqwc2QZg="}]},{"Route":"images/avatars/default.yfpyaoluze.svg","AssetFile":"images/avatars/default.svg","Selectors":[],"ResponseHeaders":[{"Name":"Accept-Ranges","Value":"bytes"},{"Name":"Cache-Control","Value":"max-age=31536000, immutable"},{"Name":"Content-Length","Value":"1388"},{"Name":"Content-Type","Value":"image/svg+xml"},{"Name":"ETag","Value":"\"stAUP1TDBhGKitHAsyCxO6LIyYkajY5pA1tHqwc2QZg=\""},{"Name":"Last-Modified","Value":"Tue, 30 Sep 2025 00:21:17 GMT"}],"EndpointProperties":[{"Name":"fingerprint","Value":"yfpyaoluze"},{"Name":"integrity","Value":"sha256-stAUP1TDBhGKitHAsyCxO6LIyYkajY5pA1tHqwc2QZg="},{"Name":"label","Value":"images/avatars/default.svg"}]},{"Route":"images/placeholder.svg","AssetFile":"images/placeholder.svg","Selectors":[],"ResponseHeaders":[{"Name":"Accept-Ranges","Value":"bytes"},{"Name":"Cache-Control","Value":"no-cache"},{"Name":"Content-Length","Value":"779"},{"Name":"Content-Type","Value":"image/svg+xml"},{"Name":"ETag","Value":"\"P59XU747wdHMtHqZnYSt+njOJjKl+zRslfNChxY9MsQ=\""},{"Name":"Last-Modified","Value":"Tue, 30 Sep 2025 00:21:17 GMT"}],"EndpointProperties":[{"Name":"integrity","Value":"sha256-P59XU747wdHMtHqZnYSt+njOJjKl+zRslfNChxY9MsQ="}]},{"Route":"images/placeholder.t1o0b3x4sa.svg","AssetFile":"images/placeholder.svg","Selectors":[],"ResponseHeaders":[{"Name":"Accept-Ranges","Value":"bytes"},{"Name":"Cache-Control","Value":"max-age=31536000, immutable"},{"Name":"Content-Length","Value":"779"},{"Name":"Content-Type","Value":"image/svg+xml"},{"Name":"ETag","Value":"\"P59XU747wdHMtHqZnYSt+njOJjKl+zRslfNChxY9MsQ=\""},{"Name":"Last-Modified","Value":"Tue, 30 Sep 2025 00:21:17 GMT"}],"EndpointProperties":[{"Name":"fingerprint","Value":"t1o0b3x4sa"},{"Name":"integrity","Value":"sha256-P59XU747wdHMtHqZnYSt+njOJjKl+zRslfNChxY9MsQ="},{"Name":"label","Value":"images/placeholder.svg"}]},{"Route":"images/space-background.svg","AssetFile":"images/space-background.svg","Selectors":[],"ResponseHeaders":[{"Name":"Accept-Ranges","Value":"bytes"},{"Name":"Cache-Control","Value":"no-cache"},{"Name":"Content-Length","Value":"23038"},{"Name":"Content-Type","Value":"image/svg+xml"},{"Name":"ETag","Value":"\"BlM1AtQWoBh+XWHqMgiovouqZJHfQ2PWNx2BxER2xLw=\""},{"Name":"Last-Modified","Value":"Tue, 30 Sep 2025 00:21:17 GMT"}],"EndpointProperties":[{"Name":"integrity","Value":"sha256-BlM1AtQWoBh+XWHqMgiovouqZJHfQ2PWNx2BxER2xLw="}]},{"Route":"images/space-background.yx01cbsdhf.svg","AssetFile":"images/space-background.svg","Selectors":[],"ResponseHeaders":[{"Name":"Accept-Ranges","Value":"bytes"},{"Name":"Cache-Control","Value":"max-age=31536000, immutable"},{"Name":"Content-Length","Value":"23038"},{"Name":"Content-Type","Value":"image/svg+xml"},{"Name":"ETag","Value":"\"BlM1AtQWoBh+XWHqMgiovouqZJHfQ2PWNx2BxER2xLw=\""},{"Name":"Last-Modified","Value":"Tue, 30 Sep 2025 00:21:17 GMT"}],"EndpointProperties":[{"Name":"fingerprint","Value":"yx01cbsdhf"},{"Name":"integrity","Value":"sha256-BlM1AtQWoBh+XWHqMgiovouqZJHfQ2PWNx2BxER2xLw="},{"Name":"label","Value":"images/space-background.svg"}]},{"Route":"images/space-foreground.atpeijzdbx.svg","AssetFile":"images/space-foreground.svg","Selectors":[],"ResponseHeaders":[{"Name":"Accept-Ranges","Value":"bytes"},{"Name":"Cache-Control","Value":"max-age=31536000, immutable"},{"Name":"Content-Length","Value":"11524"},{"Name":"Content-Type","Value":"image/svg+xml"},{"Name":"ETag","Value":"\"LmhZ/4By6mwYfuqcoCrNs8ZID+2UXP25kXiZMwlDdUE=\""},{"Name":"Last-Modified","Value":"Tue, 30 Sep 2025 00:21:17 GMT"}],"EndpointProperties":[{"Name":"fingerprint","Value":"atpeijzdbx"},{"Name":"integrity","Value":"sha256-LmhZ/4By6mwYfuqcoCrNs8ZID+2UXP25kXiZMwlDdUE="},{"Name":"label","Value":"images/space-foreground.svg"}]},{"Route":"images/space-foreground.svg","AssetFile":"images/space-foreground.svg","Selectors":[],"ResponseHeaders":[{"Name":"Accept-Ranges","Value":"bytes"},{"Name":"Cache-Control","Value":"no-cache"},{"Name":"Content-Length","Value":"11524"},{"Name":"Content-Type","Value":"image/svg+xml"},{"Name":"ETag","Value":"\"LmhZ/4By6mwYfuqcoCrNs8ZID+2UXP25kXiZMwlDdUE=\""},{"Name":"Last-Modified","Value":"Tue, 30 Sep 2025 00:21:17 GMT"}],"EndpointProperties":[{"Name":"integrity","Value":"sha256-LmhZ/4By6mwYfuqcoCrNs8ZID+2UXP25kXiZMwlDdUE="}]},{"Route":"images/space-game-placeholder.i859no0nnz.svg","AssetFile":"images/space-game-placeholder.svg","Selectors":[],"ResponseHeaders":[{"Name":"Accept-Ranges","Value":"bytes"},{"Name":"Cache-Control","Value":"max-age=31536000, immutable"},{"Name":"Content-Length","Value":"550"},{"Name":"Content-Type","Value":"image/svg+xml"},{"Name":"ETag","Value":"\"PuYxsFdE5ezfgmBgQ33UiZP3cqGgeyf/RrnRQEyckHg=\""},{"Name":"Last-Modified","Value":"Tue, 30 Sep 2025 00:21:17 GMT"}],"EndpointProperties":[{"Name":"fingerprint","Value":"i859no0nnz"},{"Name":"integrity","Value":"sha256-PuYxsFdE5ezfgmBgQ33UiZP3cqGgeyf/RrnRQEyckHg="},{"Name":"label","Value":"images/space-game-placeholder.svg"}]},{"Route":"images/space-game-placeholder.svg","AssetFile":"images/space-game-placeholder.svg","Selectors":[],"ResponseHeaders":[{"Name":"Accept-Ranges","Value":"bytes"},{"Name":"Cache-Control","Value":"no-cache"},{"Name":"Content-Length","Value":"550"},{"Name":"Content-Type","Value":"image/svg+xml"},{"Name":"ETag","Value":"\"PuYxsFdE5ezfgmBgQ33UiZP3cqGgeyf/RrnRQEyckHg=\""},{"Name":"Last-Modified","Value":"Tue, 30 Sep 2025 00:21:17 GMT"}],"EndpointProperties":[{"Name":"integrity","Value":"sha256-PuYxsFdE5ezfgmBgQ33UiZP3cqGgeyf/RrnRQEyckHg="}]},{"Route":"images/space-game-title.a4fhe46bh4.svg","AssetFile":"images/space-game-title.svg","Selectors":[],"ResponseHeaders":[{"Name":"Accept-Ranges","Value":"bytes"},{"Name":"Cache-Control","Value":"max-age=31536000, immutable"},{"Name":"Content-Length","Value":"3127"},{"Name":"Content-Type","Value":"image/svg+xml"},{"Name":"ETag","Value":"\"Nhvq31pRMu3S/TrybtNrQTxzM+o+KYosgvWR+kfbhPw=\""},{"Name":"Last-Modified","Value":"Tue, 30 Sep 2025 00:21:17 GMT"}],"EndpointProperties":[{"Name":"fingerprint","Value":"a4fhe46bh4"},{"Name":"integrity","Value":"sha256-Nhvq31pRMu3S/TrybtNrQTxzM+o+KYosgvWR+kfbhPw="},{"Name":"label","Value":"images/space-game-title.svg"}]},{"Route":"images/space-game-title.svg","AssetFile":"images/space-game-title.svg","Selectors":[],"ResponseHeaders":[{"Name":"Accept-Ranges","Value":"bytes"},{"Name":"Cache-Control","Value":"no-cache"},{"Name":"Content-Length","Value":"3127"},{"Name":"Content-Type","Value":"image/svg+xml"},{"Name":"ETag","Value":"\"Nhvq31pRMu3S/TrybtNrQTxzM+o+KYosgvWR+kfbhPw=\""},{"Name":"Last-Modified","Value":"Tue, 30 Sep 2025 00:21:17 GMT"}],"EndpointProperties":[{"Name":"integrity","Value":"sha256-Nhvq31pRMu3S/TrybtNrQTxzM+o+KYosgvWR+kfbhPw="}]},{"Route":"js/site.6b9nfc4n3r.js","AssetFile":"js/site.js","Selectors":[],"ResponseHeaders":[{"Name":"Accept-Ranges","Value":"bytes"},{"Name":"Cache-Control","Value":"max-age=31536000, immutable"},{"Name":"Content-Length","Value":"230"},{"Name":"Content-Type","Value":"text/javascript"},{"Name":"ETag","Value":"\"4q1jwFhaPaZgr8WAUSrux6hAuh0XDg9kPS3xIVq36I0=\""},{"Name":"Last-Modified","Value":"Tue, 30 Sep 2025 00:21:17 GMT"}],"EndpointProperties":[{"Name":"fingerprint","Value":"6b9nfc4n3r"},{"Name":"integrity","Value":"sha256-4q1jwFhaPaZgr8WAUSrux6hAuh0XDg9kPS3xIVq36I0="},{"Name":"label","Value":"js/site.js"}]},{"Route":"js/site.js","AssetFile":"js/site.js","Selectors":[],"ResponseHeaders":[{"Name":"Accept-Ranges","Value":"bytes"},{"Name":"Cache-Control","Value":"no-cache"},{"Name":"Content-Length","Value":"230"},{"Name":"Content-Type","Value":"text/javascript"},{"Name":"ETag","Value":"\"4q1jwFhaPaZgr8WAUSrux6hAuh0XDg9kPS3xIVq36I0=\""},{"Name":"Last-Modified","Value":"Tue, 30 Sep 2025 00:21:17 GMT"}],"EndpointProperties":[{"Name":"integrity","Value":"sha256-4q1jwFhaPaZgr8WAUSrux6hAuh0XDg9kPS3xIVq36I0="}]},{"Route":"js/site.min.5ipweew5fc.js","AssetFile":"js/site.min.js","Selectors":[],"ResponseHeaders":[{"Name":"Accept-Ranges","Value":"bytes"},{"Name":"Cache-Control","Value":"max-age=31536000, immutable"},{"Name":"Content-Length","Value":"0"},{"Name":"Content-Type","Value":"text/javascript"},{"Name":"ETag","Value":"\"47DEQpj8HBSa+/TImW+5JCeuQeRkm5NMpJWZG3hSuFU=\""},{"Name":"Last-Modified","Value":"Tue, 30 Sep 2025 00:21:17 GMT"}],"EndpointProperties":[{"Name":"fingerprint","Value":"5ipweew5fc"},{"Name":"integrity","Value":"sha256-47DEQpj8HBSa+/TImW+5JCeuQeRkm5NMpJWZG3hSuFU="},{"Name":"label","Value":"js/site.min.js"}]},{"Route":"js/site.min.js","AssetFile":"js/site.min.js","Selectors":[],"ResponseHeaders":[{"Name":"Accept-Ranges","Value":"bytes"},{"Name":"Cache-Control","Value":"no-cache"},{"Name":"Content-Length","Value":"0"},{"Name":"Content-Type","Value":"text/javascript"},{"Name":"ETag","Value":"\"47DEQpj8HBSa+/TImW+5JCeuQeRkm5NMpJWZG3hSuFU=\""},{"Name":"Last-Modified","Value":"Tue, 30 Sep 2025 00:21:17 GMT"}],"EndpointProperties":[{"Name":"integrity","Value":"sha256-47DEQpj8HBSa+/TImW+5JCeuQeRkm5NMpJWZG3hSuFU="}]},{"Route":"lib/bootstrap/.bower.json","AssetFile":"lib/bootstrap/.bower.json","Selectors":[],"ResponseHeaders":[{"Name":"Accept-Ranges","Value":"bytes"},{"Name":"Cache-Control","Value":"no-cache"},{"Name":"Content-Length","Value":"984"},{"Name":"Content-Type","Value":"application/json"},{"Name":"ETag","Value":"\"JmdimJiZOuey/7Otf64209X9btLVRCk+jA1T/bxest8=\""},{"Name":"Last-Modified","Value":"Tue, 30 Sep 2025 00:21:17 GMT"}],"EndpointProperties":[{"Name":"integrity","Value":"sha256-JmdimJiZOuey/7Otf64209X9btLVRCk+jA1T/bxest8="}]},{"Route":"lib/bootstrap/.bower.qc5bpo1mh7.json","AssetFile":"lib/bootstrap/.bower.json","Selectors":[],"ResponseHeaders":[{"Name":"Accept-Ranges","Value":"bytes"},{"Name":"Cache-Control","Value":"max-age=31536000, immutable"},{"Name":"Content-Length","Value":"984"},{"Name":"Content-Type","Value":"application/json"},{"Name":"ETag","Value":"\"JmdimJiZOuey/7Otf64209X9btLVRCk+jA1T/bxest8=\""},{"Name":"Last-Modified","Value":"Tue, 30 Sep 2025 00:21:17 GMT"}],"EndpointProperties":[{"Name":"fingerprint","Value":"qc5bpo1mh7"},{"Name":"integrity","Value":"sha256-JmdimJiZOuey/7Otf64209X9btLVRCk+jA1T/bxest8="},{"Name":"label","Value":"lib/bootstrap/.bower.json"}]},{"Route":"lib/bootstrap/LICENSE","AssetFile":"lib/bootstrap/LICENSE","Selectors":[],"ResponseHeaders":[{"Name":"Accept-Ranges","Value":"bytes"},{"Name":"Cache-Control","Value":"no-cache"},{"Name":"Content-Length","Value":"1106"},{"Name":"Content-Type","Value":"application/octet-stream"},{"Name":"ETag","Value":"\"OsTm3rkkqzWTSzagPx9ET4hYekiY+/zYAcKxztu24Yc=\""},{"Name":"Last-Modified","Value":"Tue, 30 Sep 2025 00:21:17 GMT"}],"EndpointProperties":[{"Name":"integrity","Value":"sha256-OsTm3rkkqzWTSzagPx9ET4hYekiY+/zYAcKxztu24Yc="}]},{"Route":"lib/bootstrap/LICENSE.qj8ig4ubvq","AssetFile":"lib/bootstrap/LICENSE","Selectors":[],"ResponseHeaders":[{"Name":"Accept-Ranges","Value":"bytes"},{"Name":"Cache-Control","Value":"max-age=31536000, immutable"},{"Name":"Content-Length","Value":"1106"},{"Name":"Content-Type","Value":"application/octet-stream"},{"Name":"ETag","Value":"\"OsTm3rkkqzWTSzagPx9ET4hYekiY+/zYAcKxztu24Yc=\""},{"Name":"Last-Modified","Value":"Tue, 30 Sep 2025 00:21:17 GMT"}],"EndpointProperties":[{"Name":"fingerprint","Value":"qj8ig4ubvq"},{"Name":"integrity","Value":"sha256-OsTm3rkkqzWTSzagPx9ET4hYekiY+/zYAcKxztu24Yc="},{"Name":"label","Value":"lib/bootstrap/LICENSE"}]},{"Route":"lib/bootstrap/dist/css/bootstrap-theme.1rluploojc.css","AssetFile":"lib/bootstrap/dist/css/bootstrap-theme.css","Selectors":[],"ResponseHeaders":[{"Name":"Accept-Ranges","Value":"bytes"},{"Name":"Cache-Control","Value":"max-age=31536000, immutable"},{"Name":"Content-Length","Value":"27973"},{"Name":"Content-Type","Value":"text/css"},{"Name":"ETag","Value":"\"Y4lXvU5TMNKSj/BidYz8nHurhnF9ZVSR0X2+q3G5yO0=\""},{"Name":"Last-Modified","Value":"Tue, 30 Sep 2025 00:21:17 GMT"}],"EndpointProperties":[{"Name":"fingerprint","Value":"1rluploojc"},{"Name":"integrity","Value":"sha256-Y4lXvU5TMNKSj/BidYz8nHurhnF9ZVSR0X2+q3G5yO0="},{"Name":"label","Value":"lib/bootstrap/dist/css/bootstrap-theme.css"}]},{"Route":"lib/bootstrap/dist/css/bootstrap-theme.css","AssetFile":"lib/bootstrap/dist/css/bootstrap-theme.css","Selectors":[],"ResponseHeaders":[{"Name":"Accept-Ranges","Value":"bytes"},{"Name":"Cache-Control","Value":"no-cache"},{"Name":"Content-Length","Value":"27973"},{"Name":"Content-Type","Value":"text/css"},{"Name":"ETag","Value":"\"Y4lXvU5TMNKSj/BidYz8nHurhnF9ZVSR0X2+q3G5yO0=\""},{"Name":"Last-Modified","Value":"Tue, 30 Sep 2025 00:21:17 GMT"}],"EndpointProperties":[{"Name":"integrity","Value":"sha256-Y4lXvU5TMNKSj/BidYz8nHurhnF9ZVSR0X2+q3G5yO0="}]},{"Route":"lib/bootstrap/dist/css/bootstrap-theme.css.1gzojq7jip.map","AssetFile":"lib/bootstrap/dist/css/bootstrap-theme.css.map","Selectors":[],"ResponseHeaders":[{"Name":"Accept-Ranges","Value":"bytes"},{"Name":"Cache-Control","Value":"max-age=31536000, immutable"},{"Name":"Content-Length","Value":"47706"},{"Name":"Content-Type","Value":"text/plain"},{"Name":"ETag","Value":"\"cZQbJTuJQjdM1XuKhdRzSJ8hMRQ4up491P76Iq2/D1M=\""},{"Name":"Last-Modified","Value":"Tue, 30 Sep 2025 00:21:17 GMT"}],"EndpointProperties":[{"Name":"fingerprint","Value":"1gzojq7jip"},{"Name":"integrity","Value":"sha256-cZQbJTuJQjdM1XuKhdRzSJ8hMRQ4up491P76Iq2/D1M="},{"Name":"label","Value":"lib/bootstrap/dist/css/bootstrap-theme.css.map"}]},{"Route":"lib/bootstrap/dist/css/bootstrap-theme.css.map","AssetFile":"lib/bootstrap/dist/css/bootstrap-theme.css.map","Selectors":[],"ResponseHeaders":[{"Name":"Accept-Ranges","Value":"bytes"},{"Name":"Cache-Control","Value":"no-cache"},{"Name":"Content-Length","Value":"47706"},{"Name":"Content-Type","Value":"text/plain"},{"Name":"ETag","Value":"\"cZQbJTuJQjdM1XuKhdRzSJ8hMRQ4up491P76Iq2/D1M=\""},{"Name":"Last-Modified","Value":"Tue, 30 Sep 2025 00:21:17 GMT"}],"EndpointProperties":[{"Name":"integrity","Value":"sha256-cZQbJTuJQjdM1XuKhdRzSJ8hMRQ4up491P76Iq2/D1M="}]},{"Route":"lib/bootstrap/dist/css/bootstrap-theme.min.9ruze9sgfm.css","AssetFile":"lib/bootstrap/dist/css/bootstrap-theme.min.css","Selectors":[],"ResponseHeaders":[{"Name":"Accept-Ranges","Value":"bytes"},{"Name":"Cache-Control","Value":"max-age=31536000, immutable"},{"Name":"Content-Length","Value":"23414"},{"Name":"Content-Type","Value":"text/css"},{"Name":"ETag","Value":"\"iyc/4K4R3+uW96VvG17NLXZQAUeSetVXNW+qUifRcDI=\""},{"Name":"Last-Modified","Value":"Tue, 30 Sep 2025 00:21:17 GMT"}],"EndpointProperties":[{"Name":"fingerprint","Value":"9ruze9sgfm"},{"Name":"integrity","Value":"sha256-iyc/4K4R3+uW96VvG17NLXZQAUeSetVXNW+qUifRcDI="},{"Name":"label","Value":"lib/bootstrap/dist/css/bootstrap-theme.min.css"}]},{"Route":"lib/bootstrap/dist/css/bootstrap-theme.min.css","AssetFile":"lib/bootstrap/dist/css/bootstrap-theme.min.css","Selectors":[],"ResponseHeaders":[{"Name":"Accept-Ranges","Value":"bytes"},{"Name":"Cache-Control","Value":"no-cache"},{"Name":"Content-Length","Value":"23414"},{"Name":"Content-Type","Value":"text/css"},{"Name":"ETag","Value":"\"iyc/4K4R3+uW96VvG17NLXZQAUeSetVXNW+qUifRcDI=\""},{"Name":"Last-Modified","Value":"Tue, 30 Sep 2025 00:21:17 GMT"}],"EndpointProperties":[{"Name":"integrity","Value":"sha256-iyc/4K4R3+uW96VvG17NLXZQAUeSetVXNW+qUifRcDI="}]},{"Route":"lib/bootstrap/dist/css/bootstrap-theme.min.css.g210lhpolz.map","AssetFile":"lib/bootstrap/dist/css/bootstrap-theme.min.css.map","Selectors":[],"ResponseHeaders":[{"Name":"Accept-Ranges","Value":"bytes"},{"Name":"Cache-Control","Value":"max-age=31536000, immutable"},{"Name":"Content-Length","Value":"25648"},{"Name":"Content-Type","Value":"text/plain"},{"Name":"ETag","Value":"\"mFHhafBEv8DV5KinYd7VMdQVzrf+vB6lhfqwcLhG1zg=\""},{"Name":"Last-Modified","Value":"Tue, 30 Sep 2025 00:21:17 GMT"}],"EndpointProperties":[{"Name":"fingerprint","Value":"g210lhpolz"},{"Name":"integrity","Value":"sha256-mFHhafBEv8DV5KinYd7VMdQVzrf+vB6lhfqwcLhG1zg="},{"Name":"label","Value":"lib/bootstrap/dist/css/bootstrap-theme.min.css.map"}]},{"Route":"lib/bootstrap/dist/css/bootstrap-theme.min.css.map","AssetFile":"lib/bootstrap/dist/css/bootstrap-theme.min.css.map","Selectors":[],"ResponseHeaders":[{"Name":"Accept-Ranges","Value":"bytes"},{"Name":"Cache-Control","Value":"no-cache"},{"Name":"Content-Length","Value":"25648"},{"Name":"Content-Type","Value":"text/plain"},{"Name":"ETag","Value":"\"mFHhafBEv8DV5KinYd7VMdQVzrf+vB6lhfqwcLhG1zg=\""},{"Name":"Last-Modified","Value":"Tue, 30 Sep 2025 00:21:17 GMT"}],"EndpointProperties":[{"Name":"integrity","Value":"sha256-mFHhafBEv8DV5KinYd7VMdQVzrf+vB6lhfqwcLhG1zg="}]},{"Route":"lib/bootstrap/dist/css/bootstrap.css","AssetFile":"lib/bootstrap/dist/css/bootstrap.css","Selectors":[],"ResponseHeaders":[{"Name":"Accept-Ranges","Value":"bytes"},{"Name":"Cache-Control","Value":"no-cache"},{"Name":"Content-Length","Value":"173453"},{"Name":"Content-Type","Value":"text/css"},{"Name":"ETag","Value":"\"CBNTcaw0clgLYNGKbEXgvmTK5XKTj/GQWOeN1qWzquk=\""},{"Name":"Last-Modified","Value":"Tue, 30 Sep 2025 00:21:17 GMT"}],"EndpointProperties":[{"Name":"integrity","Value":"sha256-CBNTcaw0clgLYNGKbEXgvmTK5XKTj/GQWOeN1qWzquk="}]},{"Route":"lib/bootstrap/dist/css/bootstrap.css.map","AssetFile":"lib/bootstrap/dist/css/bootstrap.css.map","Selectors":[],"ResponseHeaders":[{"Name":"Accept-Ranges","Value":"bytes"},{"Name":"Cache-Control","Value":"no-cache"},{"Name":"Content-Length","Value":"389287"},{"Name":"Content-Type","Value":"text/plain"},{"Name":"ETag","Value":"\"nNhKKlFiyBaou715z53AYFvA6obkzSurQ67gabuD0mY=\""},{"Name":"Last-Modified","Value":"Tue, 30 Sep 2025 00:21:17 GMT"}],"EndpointProperties":[{"Name":"integrity","Value":"sha256-nNhKKlFiyBaou715z53AYFvA6obkzSurQ67gabuD0mY="}]},{"Route":"lib/bootstrap/dist/css/bootstrap.css.o3yzcp43z9.map","AssetFile":"lib/bootstrap/dist/css/bootstrap.css.map","Selectors":[],"ResponseHeaders":[{"Name":"Accept-Ranges","Value":"bytes"},{"Name":"Cache-Control","Value":"max-age=31536000, immutable"},{"Name":"Content-Length","Value":"389287"},{"Name":"Content-Type","Value":"text/plain"},{"Name":"ETag","Value":"\"nNhKKlFiyBaou715z53AYFvA6obkzSurQ67gabuD0mY=\""},{"Name":"Last-Modified","Value":"Tue, 30 Sep 2025 00:21:17 GMT"}],"EndpointProperties":[{"Name":"fingerprint","Value":"o3yzcp43z9"},{"Name":"integrity","Value":"sha256-nNhKKlFiyBaou715z53AYFvA6obkzSurQ67gabuD0mY="},{"Name":"label","Value":"lib/bootstrap/dist/css/bootstrap.css.map"}]},{"Route":"lib/bootstrap/dist/css/bootstrap.min.css","AssetFile":"lib/bootstrap/dist/css/bootstrap.min.css","Selectors":[],"ResponseHeaders":[{"Name":"Accept-Ranges","Value":"bytes"},{"Name":"Cache-Control","Value":"no-cache"},{"Name":"Content-Length","Value":"121205"},{"Name":"Content-Type","Value":"text/css"},{"Name":"ETag","Value":"\"Wj2MBXhUhdNu5clNRoHlsdnkuUxb6LW9ew8xaP/xvZo=\""},{"Name":"Last-Modified","Value":"Tue, 30 Sep 2025 00:21:17 GMT"}],"EndpointProperties":[{"Name":"integrity","Value":"sha256-Wj2MBXhUhdNu5clNRoHlsdnkuUxb6LW9ew8xaP/xvZo="}]},{"Route":"lib/bootstrap/dist/css/bootstrap.min.css.map","AssetFile":"lib/bootstrap/dist/css/bootstrap.min.css.map","Selectors":[],"ResponseHeaders":[{"Name":"Accept-Ranges","Value":"bytes"},{"Name":"Cache-Control","Value":"no-cache"},{"Name":"Content-Length","Value":"542194"},{"Name":"Content-Type","Value":"text/plain"},{"Name":"ETag","Value":"\"tKNdGXk95EX0Yi9NKNsnnAJCtgIo7zBDQKrYM9ASp30=\""},{"Name":"Last-Modified","Value":"Tue, 30 Sep 2025 00:21:17 GMT"}],"EndpointProperties":[{"Name":"integrity","Value":"sha256-tKNdGXk95EX0Yi9NKNsnnAJCtgIo7zBDQKrYM9ASp30="}]},{"Route":"lib/bootstrap/dist/css/bootstrap.min.css.wrmkol24q7.map","AssetFile":"lib/bootstrap/dist/css/bootstrap.min.css.map","Selectors":[],"ResponseHeaders":[{"Name":"Accept-Ranges","Value":"bytes"},{"Name":"Cache-Control","Value":"max-age=31536000, immutable"},{"Name":"Content-Length","Value":"542194"},{"Name":"Content-Type","Value":"text/plain"},{"Name":"ETag","Value":"\"tKNdGXk95EX0Yi9NKNsnnAJCtgIo7zBDQKrYM9ASp30=\""},{"Name":"Last-Modified","Value":"Tue, 30 Sep 2025 00:21:17 GMT"}],"EndpointProperties":[{"Name":"fingerprint","Value":"wrmkol24q7"},{"Name":"integrity","Value":"sha256-tKNdGXk95EX0Yi9NKNsnnAJCtgIo7zBDQKrYM9ASp30="},{"Name":"label","Value":"lib/bootstrap/dist/css/bootstrap.min.css.map"}]},{"Route":"lib/bootstrap/dist/css/bootstrap.min.ufik3s9dum.css","AssetFile":"lib/bootstrap/dist/css/bootstrap.min.css","Selectors":[],"ResponseHeaders":[{"Name":"Accept-Ranges","Value":"bytes"},{"Name":"Cache-Control","Value":"max-age=31536000, immutable"},{"Name":"Content-Length","Value":"121205"},{"Name":"Content-Type","Value":"text/css"},{"Name":"ETag","Value":"\"Wj2MBXhUhdNu5clNRoHlsdnkuUxb6LW9ew8xaP/xvZo=\""},{"Name":"Last-Modified","Value":"Tue, 30 Sep 2025 00:21:17 GMT"}],"EndpointProperties":[{"Name":"fingerprint","Value":"ufik3s9dum"},{"Name":"integrity","Value":"sha256-Wj2MBXhUhdNu5clNRoHlsdnkuUxb6LW9ew8xaP/xvZo="},{"Name":"label","Value":"lib/bootstrap/dist/css/bootstrap.min.css"}]},{"Route":"lib/bootstrap/dist/css/bootstrap.og75yr79jf.css","AssetFile":"lib/bootstrap/dist/css/bootstrap.css","Selectors":[],"ResponseHeaders":[{"Name":"Accept-Ranges","Value":"bytes"},{"Name":"Cache-Control","Value":"max-age=31536000, immutable"},{"Name":"Content-Length","Value":"173453"},{"Name":"Content-Type","Value":"text/css"},{"Name":"ETag","Value":"\"CBNTcaw0clgLYNGKbEXgvmTK5XKTj/GQWOeN1qWzquk=\""},{"Name":"Last-Modified","Value":"Tue, 30 Sep 2025 00:21:17 GMT"}],"EndpointProperties":[{"Name":"fingerprint","Value":"og75yr79jf"},{"Name":"integrity","Value":"sha256-CBNTcaw0clgLYNGKbEXgvmTK5XKTj/GQWOeN1qWzquk="},{"Name":"label","Value":"lib/bootstrap/dist/css/bootstrap.css"}]},{"Route":"lib/bootstrap/dist/fonts/glyphicons-halflings-regular.eot","AssetFile":"lib/bootstrap/dist/fonts/glyphicons-halflings-regular.eot","Selectors":[],"ResponseHeaders":[{"Name":"Accept-Ranges","Value":"bytes"},{"Name":"Cache-Control","Value":"no-cache"},{"Name":"Content-Length","Value":"20127"},{"Name":"Content-Type","Value":"application/vnd.ms-fontobject"},{"Name":"ETag","Value":"\"E2NNqH2eI/jD7ZEIzhck0YOjmtBy5z4bPYy/ZG0tBAc=\""},{"Name":"Last-Modified","Value":"Tue, 30 Sep 2025 00:21:17 GMT"}],"EndpointProperties":[{"Name":"integrity","Value":"sha256-E2NNqH2eI/jD7ZEIzhck0YOjmtBy5z4bPYy/ZG0tBAc="}]},{"Route":"lib/bootstrap/dist/fonts/glyphicons-halflings-regular.h59l7eos7a.svg","AssetFile":"lib/bootstrap/dist/fonts/glyphicons-halflings-regular.svg","Selectors":[],"ResponseHeaders":[{"Name":"Accept-Ranges","Value":"bytes"},{"Name":"Cache-Control","Value":"max-age=31536000, immutable"},{"Name":"Content-Length","Value":"112414"},{"Name":"Content-Type","Value":"image/svg+xml"},{"Name":"ETag","Value":"\"a/9wQy63q1ziMnVduMWE5V2ctnXtknnwV5ozZqwVL0s=\""},{"Name":"Last-Modified","Value":"Tue, 30 Sep 2025 00:21:17 GMT"}],"EndpointProperties":[{"Name":"fingerprint","Value":"h59l7eos7a"},{"Name":"integrity","Value":"sha256-a/9wQy63q1ziMnVduMWE5V2ctnXtknnwV5ozZqwVL0s="},{"Name":"label","Value":"lib/bootstrap/dist/fonts/glyphicons-halflings-regular.svg"}]},{"Route":"lib/bootstrap/dist/fonts/glyphicons-halflings-regular.li0e4nnnks.ttf","AssetFile":"lib/bootstrap/dist/fonts/glyphicons-halflings-regular.ttf","Selectors":[],"ResponseHeaders":[{"Name":"Accept-Ranges","Value":"bytes"},{"Name":"Cache-Control","Value":"max-age=31536000, immutable"},{"Name":"Content-Length","Value":"45404"},{"Name":"Content-Type","Value":"application/x-font-ttf"},{"Name":"ETag","Value":"\"45UEQJN1fYKvyxOJV9BqHqk2G9zwtELQahioBRr1dFY=\""},{"Name":"Last-Modified","Value":"Tue, 30 Sep 2025 00:21:17 GMT"}],"EndpointProperties":[{"Name":"fingerprint","Value":"li0e4nnnks"},{"Name":"integrity","Value":"sha256-45UEQJN1fYKvyxOJV9BqHqk2G9zwtELQahioBRr1dFY="},{"Name":"label","Value":"lib/bootstrap/dist/fonts/glyphicons-halflings-regular.ttf"}]},{"Route":"lib/bootstrap/dist/fonts/glyphicons-halflings-regular.qqew9mh6jt.woff","AssetFile":"lib/bootstrap/dist/fonts/glyphicons-halflings-regular.woff","Selectors":[],"ResponseHeaders":[{"Name":"Accept-Ranges","Value":"bytes"},{"Name":"Cache-Control","Value":"max-age=31536000, immutable"},{"Name":"Content-Length","Value":"23424"},{"Name":"Content-Type","Value":"application/font-woff"},{"Name":"ETag","Value":"\"omOU9+3hAMoRjv8u2ghZYnWpg5uVnCJuFUOVV6WoB0I=\""},{"Name":"Last-Modified","Value":"Tue, 30 Sep 2025 00:21:17 GMT"}],"EndpointProperties":[{"Name":"fingerprint","Value":"qqew9mh6jt"},{"Name":"integrity","Value":"sha256-omOU9+3hAMoRjv8u2ghZYnWpg5uVnCJuFUOVV6WoB0I="},{"Name":"label","Value":"lib/bootstrap/dist/fonts/glyphicons-halflings-regular.woff"}]},{"Route":"lib/bootstrap/dist/fonts/glyphicons-halflings-regular.svg","AssetFile":"lib/bootstrap/dist/fonts/glyphicons-halflings-regular.svg","Selectors":[],"ResponseHeaders":[{"Name":"Accept-Ranges","Value":"bytes"},{"Name":"Cache-Control","Value":"no-cache"},{"Name":"Content-Length","Value":"112414"},{"Name":"Content-Type","Value":"image/svg+xml"},{"Name":"ETag","Value":"\"a/9wQy63q1ziMnVduMWE5V2ctnXtknnwV5ozZqwVL0s=\""},{"Name":"Last-Modified","Value":"Tue, 30 Sep 2025 00:21:17 GMT"}],"EndpointProperties":[{"Name":"integrity","Value":"sha256-a/9wQy63q1ziMnVduMWE5V2ctnXtknnwV5ozZqwVL0s="}]},{"Route":"lib/bootstrap/dist/fonts/glyphicons-halflings-regular.torz25362b.eot","AssetFile":"lib/bootstrap/dist/fonts/glyphicons-halflings-regular.eot","Selectors":[],"ResponseHeaders":[{"Name":"Accept-Ranges","Value":"bytes"},{"Name":"Cache-Control","Value":"max-age=31536000, immutable"},{"Name":"Content-Length","Value":"20127"},{"Name":"Content-Type","Value":"application/vnd.ms-fontobject"},{"Name":"ETag","Value":"\"E2NNqH2eI/jD7ZEIzhck0YOjmtBy5z4bPYy/ZG0tBAc=\""},{"Name":"Last-Modified","Value":"Tue, 30 Sep 2025 00:21:17 GMT"}],"EndpointProperties":[{"Name":"fingerprint","Value":"torz25362b"},{"Name":"integrity","Value":"sha256-E2NNqH2eI/jD7ZEIzhck0YOjmtBy5z4bPYy/ZG0tBAc="},{"Name":"label","Value":"lib/bootstrap/dist/fonts/glyphicons-halflings-regular.eot"}]},{"Route":"lib/bootstrap/dist/fonts/glyphicons-halflings-regular.ttf","AssetFile":"lib/bootstrap/dist/fonts/glyphicons-halflings-regular.ttf","Selectors":[],"ResponseHeaders":[{"Name":"Accept-Ranges","Value":"bytes"},{"Name":"Cache-Control","Value":"no-cache"},{"Name":"Content-Length","Value":"45404"},{"Name":"Content-Type","Value":"application/x-font-ttf"},{"Name":"ETag","Value":"\"45UEQJN1fYKvyxOJV9BqHqk2G9zwtELQahioBRr1dFY=\""},{"Name":"Last-Modified","Value":"Tue, 30 Sep 2025 00:21:17 GMT"}],"EndpointProperties":[{"Name":"integrity","Value":"sha256-45UEQJN1fYKvyxOJV9BqHqk2G9zwtELQahioBRr1dFY="}]},{"Route":"lib/bootstrap/dist/fonts/glyphicons-halflings-regular.woff","AssetFile":"lib/bootstrap/dist/fonts/glyphicons-halflings-regular.woff","Selectors":[],"ResponseHeaders":[{"Name":"Accept-Ranges","Value":"bytes"},{"Name":"Cache-Control","Value":"no-cache"},{"Name":"Content-Length","Value":"23424"},{"Name":"Content-Type","Value":"application/font-woff"},{"Name":"ETag","Value":"\"omOU9+3hAMoRjv8u2ghZYnWpg5uVnCJuFUOVV6WoB0I=\""},{"Name":"Last-Modified","Value":"Tue, 30 Sep 2025 00:21:17 GMT"}],"EndpointProperties":[{"Name":"integrity","Value":"sha256-omOU9+3hAMoRjv8u2ghZYnWpg5uVnCJuFUOVV6WoB0I="}]},{"Route":"lib/bootstrap/dist/fonts/glyphicons-halflings-regular.woff2","AssetFile":"lib/bootstrap/dist/fonts/glyphicons-halflings-regular.woff2","Selectors":[],"ResponseHeaders":[{"Name":"Accept-Ranges","Value":"bytes"},{"Name":"Cache-Control","Value":"no-cache"},{"Name":"Content-Length","Value":"18028"},{"Name":"Content-Type","Value":"font/woff2"},{"Name":"ETag","Value":"\"/hhdEaSWdokNR7t4MxKgzaWkTEA5IUCU55V7TAQO8Rw=\""},{"Name":"Last-Modified","Value":"Tue, 30 Sep 2025 00:21:17 GMT"}],"EndpointProperties":[{"Name":"integrity","Value":"sha256-/hhdEaSWdokNR7t4MxKgzaWkTEA5IUCU55V7TAQO8Rw="}]},{"Route":"lib/bootstrap/dist/fonts/glyphicons-halflings-regular.y3zdydnkm9.woff2","AssetFile":"lib/bootstrap/dist/fonts/glyphicons-halflings-regular.woff2","Selectors":[],"ResponseHeaders":[{"Name":"Accept-Ranges","Value":"bytes"},{"Name":"Cache-Control","Value":"max-age=31536000, immutable"},{"Name":"Content-Length","Value":"18028"},{"Name":"Content-Type","Value":"font/woff2"},{"Name":"ETag","Value":"\"/hhdEaSWdokNR7t4MxKgzaWkTEA5IUCU55V7TAQO8Rw=\""},{"Name":"Last-Modified","Value":"Tue, 30 Sep 2025 00:21:17 GMT"}],"EndpointProperties":[{"Name":"fingerprint","Value":"y3zdydnkm9"},{"Name":"integrity","Value":"sha256-/hhdEaSWdokNR7t4MxKgzaWkTEA5IUCU55V7TAQO8Rw="},{"Name":"label","Value":"lib/bootstrap/dist/fonts/glyphicons-halflings-regular.woff2"}]},{"Route":"lib/bootstrap/dist/js/bootstrap.dulpgot2b4.js","AssetFile":"lib/bootstrap/dist/js/bootstrap.js","Selectors":[],"ResponseHeaders":[{"Name":"Accept-Ranges","Value":"bytes"},{"Name":"Cache-Control","Value":"max-age=31536000, immutable"},{"Name":"Content-Length","Value":"72084"},{"Name":"Content-Type","Value":"text/javascript"},{"Name":"ETag","Value":"\"1fo3W6qowq4PinpCsKshaVqewExoFmzrRBGKbSdAVEk=\""},{"Name":"Last-Modified","Value":"Tue, 30 Sep 2025 00:21:17 GMT"}],"EndpointProperties":[{"Name":"fingerprint","Value":"dulpgot2b4"},{"Name":"integrity","Value":"sha256-1fo3W6qowq4PinpCsKshaVqewExoFmzrRBGKbSdAVEk="},{"Name":"label","Value":"lib/bootstrap/dist/js/bootstrap.js"}]},{"Route":"lib/bootstrap/dist/js/bootstrap.js","AssetFile":"lib/bootstrap/dist/js/bootstrap.js","Selectors":[],"ResponseHeaders":[{"Name":"Accept-Ranges","Value":"bytes"},{"Name":"Cache-Control","Value":"no-cache"},{"Name":"Content-Length","Value":"72084"},{"Name":"Content-Type","Value":"text/javascript"},{"Name":"ETag","Value":"\"1fo3W6qowq4PinpCsKshaVqewExoFmzrRBGKbSdAVEk=\""},{"Name":"Last-Modified","Value":"Tue, 30 Sep 2025 00:21:17 GMT"}],"EndpointProperties":[{"Name":"integrity","Value":"sha256-1fo3W6qowq4PinpCsKshaVqewExoFmzrRBGKbSdAVEk="}]},{"Route":"lib/bootstrap/dist/js/bootstrap.min.euzfjcw9e7.js","AssetFile":"lib/bootstrap/dist/js/bootstrap.min.js","Selectors":[],"ResponseHeaders":[{"Name":"Accept-Ranges","Value":"bytes"},{"Name":"Cache-Control","Value":"max-age=31536000, immutable"},{"Name":"Content-Length","Value":"37051"},{"Name":"Content-Type","Value":"text/javascript"},{"Name":"ETag","Value":"\"NkYOSU5MYoRDr97UCydDte3ppKdvtPe57yNFzH5Z/WQ=\""},{"Name":"Last-Modified","Value":"Tue, 30 Sep 2025 00:21:17 GMT"}],"EndpointProperties":[{"Name":"fingerprint","Value":"euzfjcw9e7"},{"Name":"integrity","Value":"sha256-NkYOSU5MYoRDr97UCydDte3ppKdvtPe57yNFzH5Z/WQ="},{"Name":"label","Value":"lib/bootstrap/dist/js/bootstrap.min.js"}]},{"Route":"lib/bootstrap/dist/js/bootstrap.min.js","AssetFile":"lib/bootstrap/dist/js/bootstrap.min.js","Selectors":[],"ResponseHeaders":[{"Name":"Accept-Ranges","Value":"bytes"},{"Name":"Cache-Control","Value":"no-cache"},{"Name":"Content-Length","Value":"37051"},{"Name":"Content-Type","Value":"text/javascript"},{"Name":"ETag","Value":"\"NkYOSU5MYoRDr97UCydDte3ppKdvtPe57yNFzH5Z/WQ=\""},{"Name":"Last-Modified","Value":"Tue, 30 Sep 2025 00:21:17 GMT"}],"EndpointProperties":[{"Name":"integrity","Value":"sha256-NkYOSU5MYoRDr97UCydDte3ppKdvtPe57yNFzH5Z/WQ="}]},{"Route":"lib/bootstrap/dist/js/npm.4sgu2tw5my.js","AssetFile":"lib/bootstrap/dist/js/npm.js","Selectors":[],"ResponseHeaders":[{"Name":"Accept-Ranges","Value":"bytes"},{"Name":"Cache-Control","Value":"max-age=31536000, immutable"},{"Name":"Content-Length","Value":"496"},{"Name":"Content-Type","Value":"text/javascript"},{"Name":"ETag","Value":"\"jDnrHtvYDYrapYHcRXkqEnG9GHxO/w5ajRkFsAeRFGk=\""},{"Name":"Last-Modified","Value":"Tue, 30 Sep 2025 00:21:17 GMT"}],"EndpointProperties":[{"Name":"fingerprint","Value":"4sgu2tw5my"},{"Name":"integrity","Value":"sha256-jDnrHtvYDYrapYHcRXkqEnG9GHxO/w5ajRkFsAeRFGk="},{"Name":"label","Value":"lib/bootstrap/dist/js/npm.js"}]},{"Route":"lib/bootstrap/dist/js/npm.js","AssetFile":"lib/bootstrap/dist/js/npm.js","Selectors":[],"ResponseHeaders":[{"Name":"Accept-Ranges","Value":"bytes"},{"Name":"Cache-Control","Value":"no-cache"},{"Name":"Content-Length","Value":"496"},{"Name":"Content-Type","Value":"text/javascript"},{"Name":"ETag","Value":"\"jDnrHtvYDYrapYHcRXkqEnG9GHxO/w5ajRkFsAeRFGk=\""},{"Name":"Last-Modified","Value":"Tue, 30 Sep 2025 00:21:17 GMT"}],"EndpointProperties":[{"Name":"integrity","Value":"sha256-jDnrHtvYDYrapYHcRXkqEnG9GHxO/w5ajRkFsAeRFGk="}]},{"Route":"lib/jquery-validation-unobtrusive/.bower.21vr2boczr.json","AssetFile":"lib/jquery-validation-unobtrusive/.bower.json","Selectors":[],"ResponseHeaders":[{"Name":"Accept-Ranges","Value":"bytes"},{"Name":"Cache-Control","Value":"max-age=31536000, immutable"},{"Name":"Content-Length","Value":"474"},{"Name":"Content-Type","Value":"application/json"},{"Name":"ETag","Value":"\"KlwQLO+1B2S1tk/ZCFcIZP1OuK8wgm2gtyycO0Zf5cs=\""},{"Name":"Last-Modified","Value":"Tue, 30 Sep 2025 00:21:17 GMT"}],"EndpointProperties":[{"Name":"fingerprint","Value":"21vr2boczr"},{"Name":"integrity","Value":"sha256-KlwQLO+1B2S1tk/ZCFcIZP1OuK8wgm2gtyycO0Zf5cs="},{"Name":"label","Value":"lib/jquery-validation-unobtrusive/.bower.json"}]},{"Route":"lib/jquery-validation-unobtrusive/.bower.json","AssetFile":"lib/jquery-validation-unobtrusive/.bower.json","Selectors":[],"ResponseHeaders":[{"Name":"Accept-Ranges","Value":"bytes"},{"Name":"Cache-Control","Value":"no-cache"},{"Name":"Content-Length","Value":"474"},{"Name":"Content-Type","Value":"application/json"},{"Name":"ETag","Value":"\"KlwQLO+1B2S1tk/ZCFcIZP1OuK8wgm2gtyycO0Zf5cs=\""},{"Name":"Last-Modified","Value":"Tue, 30 Sep 2025 00:21:17 GMT"}],"EndpointProperties":[{"Name":"integrity","Value":"sha256-KlwQLO+1B2S1tk/ZCFcIZP1OuK8wgm2gtyycO0Zf5cs="}]},{"Route":"lib/jquery-validation-unobtrusive/LICENSE.txt","AssetFile":"lib/jquery-validation-unobtrusive/LICENSE.txt","Selectors":[],"ResponseHeaders":[{"Name":"Accept-Ranges","Value":"bytes"},{"Name":"Cache-Control","Value":"no-cache"},{"Name":"Content-Length","Value":"587"},{"Name":"Content-Type","Value":"text/plain"},{"Name":"ETag","Value":"\"aBc/n/nO9esvq0e80G57lEYLonvE5dKKUgoozaiVfLM=\""},{"Name":"Last-Modified","Value":"Tue, 30 Sep 2025 00:21:17 GMT"}],"EndpointProperties":[{"Name":"integrity","Value":"sha256-aBc/n/nO9esvq0e80G57lEYLonvE5dKKUgoozaiVfLM="}]},{"Route":"lib/jquery-validation-unobtrusive/LICENSE.wqejeusuyq.txt","AssetFile":"lib/jquery-validation-unobtrusive/LICENSE.txt","Selectors":[],"ResponseHeaders":[{"Name":"Accept-Ranges","Value":"bytes"},{"Name":"Cache-Control","Value":"max-age=31536000, immutable"},{"Name":"Content-Length","Value":"587"},{"Name":"Content-Type","Value":"text/plain"},{"Name":"ETag","Value":"\"aBc/n/nO9esvq0e80G57lEYLonvE5dKKUgoozaiVfLM=\""},{"Name":"Last-Modified","Value":"Tue, 30 Sep 2025 00:21:17 GMT"}],"EndpointProperties":[{"Name":"fingerprint","Value":"wqejeusuyq"},{"Name":"integrity","Value":"sha256-aBc/n/nO9esvq0e80G57lEYLonvE5dKKUgoozaiVfLM="},{"Name":"label","Value":"lib/jquery-validation-unobtrusive/LICENSE.txt"}]},{"Route":"lib/jquery-validation-unobtrusive/jquery.validate.unobtrusive.js","AssetFile":"lib/jquery-validation-unobtrusive/jquery.validate.unobtrusive.js","Selectors":[],"ResponseHeaders":[{"Name":"Accept-Ranges","Value":"bytes"},{"Name":"Cache-Control","Value":"no-cache"},{"Name":"Content-Length","Value":"19748"},{"Name":"Content-Type","Value":"text/javascript"},{"Name":"ETag","Value":"\"OW3aZDab5rtK8Nyc5oze2QHyeawrzFaRr7Hybv8+fXM=\""},{"Name":"Last-Modified","Value":"Tue, 30 Sep 2025 00:21:17 GMT"}],"EndpointProperties":[{"Name":"integrity","Value":"sha256-OW3aZDab5rtK8Nyc5oze2QHyeawrzFaRr7Hybv8+fXM="}]},{"Route":"lib/jquery-validation-unobtrusive/jquery.validate.unobtrusive.min.js","AssetFile":"lib/jquery-validation-unobtrusive/jquery.validate.unobtrusive.min.js","Selectors":[],"ResponseHeaders":[{"Name":"Accept-Ranges","Value":"bytes"},{"Name":"Cache-Control","Value":"no-cache"},{"Name":"Content-Length","Value":"5763"},{"Name":"Content-Type","Value":"text/javascript"},{"Name":"ETag","Value":"\"paoxpct33kY9fpQlvgC8IokjGq8iqYaVFawgFPg8oz0=\""},{"Name":"Last-Modified","Value":"Tue, 30 Sep 2025 00:21:17 GMT"}],"EndpointProperties":[{"Name":"integrity","Value":"sha256-paoxpct33kY9fpQlvgC8IokjGq8iqYaVFawgFPg8oz0="}]},{"Route":"lib/jquery-validation-unobtrusive/jquery.validate.unobtrusive.min.l0xqxslevh.js","AssetFile":"lib/jquery-validation-unobtrusive/jquery.validate.unobtrusive.min.js","Selectors":[],"ResponseHeaders":[{"Name":"Accept-Ranges","Value":"bytes"},{"Name":"Cache-Control","Value":"max-age=31536000, immutable"},{"Name":"Content-Length","Value":"5763"},{"Name":"Content-Type","Value":"text/javascript"},{"Name":"ETag","Value":"\"paoxpct33kY9fpQlvgC8IokjGq8iqYaVFawgFPg8oz0=\""},{"Name":"Last-Modified","Value":"Tue, 30 Sep 2025 00:21:17 GMT"}],"EndpointProperties":[{"Name":"fingerprint","Value":"l0xqxslevh"},{"Name":"integrity","Value":"sha256-paoxpct33kY9fpQlvgC8IokjGq8iqYaVFawgFPg8oz0="},{"Name":"label","Value":"lib/jquery-validation-unobtrusive/jquery.validate.unobtrusive.min.js"}]},{"Route":"lib/jquery-validation-unobtrusive/jquery.validate.unobtrusive.t3np89y583.js","AssetFile":"lib/jquery-validation-unobtrusive/jquery.validate.unobtrusive.js","Selectors":[],"ResponseHeaders":[{"Name":"Accept-Ranges","Value":"bytes"},{"Name":"Cache-Control","Value":"max-age=31536000, immutable"},{"Name":"Content-Length","Value":"19748"},{"Name":"Content-Type","Value":"text/javascript"},{"Name":"ETag","Value":"\"OW3aZDab5rtK8Nyc5oze2QHyeawrzFaRr7Hybv8+fXM=\""},{"Name":"Last-Modified","Value":"Tue, 30 Sep 2025 00:21:17 GMT"}],"EndpointProperties":[{"Name":"fingerprint","Value":"t3np89y583"},{"Name":"integrity","Value":"sha256-OW3aZDab5rtK8Nyc5oze2QHyeawrzFaRr7Hybv8+fXM="},{"Name":"label","Value":"lib/jquery-validation-unobtrusive/jquery.validate.unobtrusive.js"}]},{"Route":"lib/jquery-validation/.bower.json","AssetFile":"lib/jquery-validation/.bower.json","Selectors":[],"ResponseHeaders":[{"Name":"Accept-Ranges","Value":"bytes"},{"Name":"Cache-Control","Value":"no-cache"},{"Name":"Content-Length","Value":"957"},{"Name":"Content-Type","Value":"application/json"},{"Name":"ETag","Value":"\"aXEC2O2ywRlKidCfcuruYzisoY4848tQF7gFu69FHRA=\""},{"Name":"Last-Modified","Value":"Tue, 30 Sep 2025 00:21:17 GMT"}],"EndpointProperties":[{"Name":"integrity","Value":"sha256-aXEC2O2ywRlKidCfcuruYzisoY4848tQF7gFu69FHRA="}]},{"Route":"lib/jquery-validation/.bower.l5mpl4bjng.json","AssetFile":"lib/jquery-validation/.bower.json","Selectors":[],"ResponseHeaders":[{"Name":"Accept-Ranges","Value":"bytes"},{"Name":"Cache-Control","Value":"max-age=31536000, immutable"},{"Name":"Content-Length","Value":"957"},{"Name":"Content-Type","Value":"application/json"},{"Name":"ETag","Value":"\"aXEC2O2ywRlKidCfcuruYzisoY4848tQF7gFu69FHRA=\""},{"Name":"Last-Modified","Value":"Tue, 30 Sep 2025 00:21:17 GMT"}],"EndpointProperties":[{"Name":"fingerprint","Value":"l5mpl4bjng"},{"Name":"integrity","Value":"sha256-aXEC2O2ywRlKidCfcuruYzisoY4848tQF7gFu69FHRA="},{"Name":"label","Value":"lib/jquery-validation/.bower.json"}]},{"Route":"lib/jquery-validation/LICENSE.md","AssetFile":"lib/jquery-validation/LICENSE.md","Selectors":[],"ResponseHeaders":[{"Name":"Accept-Ranges","Value":"bytes"},{"Name":"Cache-Control","Value":"no-cache"},{"Name":"Content-Length","Value":"1117"},{"Name":"Content-Type","Value":"text/markdown"},{"Name":"ETag","Value":"\"geHEkw/WGPdaHQMRq5HuNY9snliNzU/y2OW8ycnhGXw=\""},{"Name":"Last-Modified","Value":"Tue, 30 Sep 2025 00:21:17 GMT"}],"EndpointProperties":[{"Name":"integrity","Value":"sha256-geHEkw/WGPdaHQMRq5HuNY9snliNzU/y2OW8ycnhGXw="}]},{"Route":"lib/jquery-validation/LICENSE.x0q3zqp4vz.md","AssetFile":"lib/jquery-validation/LICENSE.md","Selectors":[],"ResponseHeaders":[{"Name":"Accept-Ranges","Value":"bytes"},{"Name":"Cache-Control","Value":"max-age=31536000, immutable"},{"Name":"Content-Length","Value":"1117"},{"Name":"Content-Type","Value":"text/markdown"},{"Name":"ETag","Value":"\"geHEkw/WGPdaHQMRq5HuNY9snliNzU/y2OW8ycnhGXw=\""},{"Name":"Last-Modified","Value":"Tue, 30 Sep 2025 00:21:17 GMT"}],"EndpointProperties":[{"Name":"fingerprint","Value":"x0q3zqp4vz"},{"Name":"integrity","Value":"sha256-geHEkw/WGPdaHQMRq5HuNY9snliNzU/y2OW8ycnhGXw="},{"Name":"label","Value":"lib/jquery-validation/LICENSE.md"}]},{"Route":"lib/jquery-validation/dist/additional-methods.js","AssetFile":"lib/jquery-validation/dist/additional-methods.js","Selectors":[],"ResponseHeaders":[{"Name":"Accept-Ranges","Value":"bytes"},{"Name":"Cache-Control","Value":"no-cache"},{"Name":"Content-Length","Value":"43184"},{"Name":"Content-Type","Value":"text/javascript"},{"Name":"ETag","Value":"\"qLDpf9Urms7R6rnASrjHz38WdQfOvSOmTgLDfzQSzIQ=\""},{"Name":"Last-Modified","Value":"Tue, 30 Sep 2025 00:21:17 GMT"}],"EndpointProperties":[{"Name":"integrity","Value":"sha256-qLDpf9Urms7R6rnASrjHz38WdQfOvSOmTgLDfzQSzIQ="}]},{"Route":"lib/jquery-validation/dist/additional-methods.min.js","AssetFile":"lib/jquery-validation/dist/additional-methods.min.js","Selectors":[],"ResponseHeaders":[{"Name":"Accept-Ranges","Value":"bytes"},{"Name":"Cache-Control","Value":"no-cache"},{"Name":"Content-Length","Value":"18467"},{"Name":"Content-Type","Value":"text/javascript"},{"Name":"ETag","Value":"\"2F/T6dcoSumcuA/fcU4W36VpSKPtq4nQf/0/vNFsC+w=\""},{"Name":"Last-Modified","Value":"Tue, 30 Sep 2025 00:21:17 GMT"}],"EndpointProperties":[{"Name":"integrity","Value":"sha256-2F/T6dcoSumcuA/fcU4W36VpSKPtq4nQf/0/vNFsC+w="}]},{"Route":"lib/jquery-validation/dist/additional-methods.min.sjab29p8z5.js","AssetFile":"lib/jquery-validation/dist/additional-methods.min.js","Selectors":[],"ResponseHeaders":[{"Name":"Accept-Ranges","Value":"bytes"},{"Name":"Cache-Control","Value":"max-age=31536000, immutable"},{"Name":"Content-Length","Value":"18467"},{"Name":"Content-Type","Value":"text/javascript"},{"Name":"ETag","Value":"\"2F/T6dcoSumcuA/fcU4W36VpSKPtq4nQf/0/vNFsC+w=\""},{"Name":"Last-Modified","Value":"Tue, 30 Sep 2025 00:21:17 GMT"}],"EndpointProperties":[{"Name":"fingerprint","Value":"sjab29p8z5"},{"Name":"integrity","Value":"sha256-2F/T6dcoSumcuA/fcU4W36VpSKPtq4nQf/0/vNFsC+w="},{"Name":"label","Value":"lib/jquery-validation/dist/additional-methods.min.js"}]},{"Route":"lib/jquery-validation/dist/additional-methods.wus95c49fh.js","AssetFile":"lib/jquery-validation/dist/additional-methods.js","Selectors":[],"ResponseHeaders":[{"Name":"Accept-Ranges","Value":"bytes"},{"Name":"Cache-Control","Value":"max-age=31536000, immutable"},{"Name":"Content-Length","Value":"43184"},{"Name":"Content-Type","Value":"text/javascript"},{"Name":"ETag","Value":"\"qLDpf9Urms7R6rnASrjHz38WdQfOvSOmTgLDfzQSzIQ=\""},{"Name":"Last-Modified","Value":"Tue, 30 Sep 2025 00:21:17 GMT"}],"EndpointProperties":[{"Name":"fingerprint","Value":"wus95c49fh"},{"Name":"integrity","Value":"sha256-qLDpf9Urms7R6rnASrjHz38WdQfOvSOmTgLDfzQSzIQ="},{"Name":"label","Value":"lib/jquery-validation/dist/additional-methods.js"}]},{"Route":"lib/jquery-validation/dist/jquery.validate.d2pxujwhw3.js","AssetFile":"lib/jquery-validation/dist/jquery.validate.js","Selectors":[],"ResponseHeaders":[{"Name":"Accept-Ranges","Value":"bytes"},{"Name":"Cache-Control","Value":"max-age=31536000, immutable"},{"Name":"Content-Length","Value":"50276"},{"Name":"Content-Type","Value":"text/javascript"},{"Name":"ETag","Value":"\"27gs04nyeNuL9zc/GLQLjdbZqhNGvH+xIYgnYVPIawE=\""},{"Name":"Last-Modified","Value":"Tue, 30 Sep 2025 00:21:17 GMT"}],"EndpointProperties":[{"Name":"fingerprint","Value":"d2pxujwhw3"},{"Name":"integrity","Value":"sha256-27gs04nyeNuL9zc/GLQLjdbZqhNGvH+xIYgnYVPIawE="},{"Name":"label","Value":"lib/jquery-validation/dist/jquery.validate.js"}]},{"Route":"lib/jquery-validation/dist/jquery.validate.js","AssetFile":"lib/jquery-validation/dist/jquery.validate.js","Selectors":[],"ResponseHeaders":[{"Name":"Accept-Ranges","Value":"bytes"},{"Name":"Cache-Control","Value":"no-cache"},{"Name":"Content-Length","Value":"50276"},{"Name":"Content-Type","Value":"text/javascript"},{"Name":"ETag","Value":"\"27gs04nyeNuL9zc/GLQLjdbZqhNGvH+xIYgnYVPIawE=\""},{"Name":"Last-Modified","Value":"Tue, 30 Sep 2025 00:21:17 GMT"}],"EndpointProperties":[{"Name":"integrity","Value":"sha256-27gs04nyeNuL9zc/GLQLjdbZqhNGvH+xIYgnYVPIawE="}]},{"Route":"lib/jquery-validation/dist/jquery.validate.min.4dm14o4hmc.js","AssetFile":"lib/jquery-validation/dist/jquery.validate.min.js","Selectors":[],"ResponseHeaders":[{"Name":"Accept-Ranges","Value":"bytes"},{"Name":"Cache-Control","Value":"max-age=31536000, immutable"},{"Name":"Content-Length","Value":"23264"},{"Name":"Content-Type","Value":"text/javascript"},{"Name":"ETag","Value":"\"eItLFOyfQ4d/OGzEnGchi2ZMVF8EhGgzS0k7fSOPifQ=\""},{"Name":"Last-Modified","Value":"Tue, 30 Sep 2025 00:21:17 GMT"}],"EndpointProperties":[{"Name":"fingerprint","Value":"4dm14o4hmc"},{"Name":"integrity","Value":"sha256-eItLFOyfQ4d/OGzEnGchi2ZMVF8EhGgzS0k7fSOPifQ="},{"Name":"label","Value":"lib/jquery-validation/dist/jquery.validate.min.js"}]},{"Route":"lib/jquery-validation/dist/jquery.validate.min.js","AssetFile":"lib/jquery-validation/dist/jquery.validate.min.js","Selectors":[],"ResponseHeaders":[{"Name":"Accept-Ranges","Value":"bytes"},{"Name":"Cache-Control","Value":"no-cache"},{"Name":"Content-Length","Value":"23264"},{"Name":"Content-Type","Value":"text/javascript"},{"Name":"ETag","Value":"\"eItLFOyfQ4d/OGzEnGchi2ZMVF8EhGgzS0k7fSOPifQ=\""},{"Name":"Last-Modified","Value":"Tue, 30 Sep 2025 00:21:17 GMT"}],"EndpointProperties":[{"Name":"integrity","Value":"sha256-eItLFOyfQ4d/OGzEnGchi2ZMVF8EhGgzS0k7fSOPifQ="}]},{"Route":"lib/jquery/.bower.ewsoquf6rw.json","AssetFile":"lib/jquery/.bower.json","Selectors":[],"ResponseHeaders":[{"Name":"Accept-Ranges","Value":"bytes"},{"Name":"Cache-Control","Value":"max-age=31536000, immutable"},{"Name":"Content-Length","Value":"570"},{"Name":"Content-Type","Value":"application/json"},{"Name":"ETag","Value":"\"slWiUvWRfuryzqGBCpCY3cOD8m7nYDNr2WhuVPSJif0=\""},{"Name":"Last-Modified","Value":"Tue, 30 Sep 2025 00:21:17 GMT"}],"EndpointProperties":[{"Name":"fingerprint","Value":"ewsoquf6rw"},{"Name":"integrity","Value":"sha256-slWiUvWRfuryzqGBCpCY3cOD8m7nYDNr2WhuVPSJif0="},{"Name":"label","Value":"lib/jquery/.bower.json"}]},{"Route":"lib/jquery/.bower.json","AssetFile":"lib/jquery/.bower.json","Selectors":[],"ResponseHeaders":[{"Name":"Accept-Ranges","Value":"bytes"},{"Name":"Cache-Control","Value":"no-cache"},{"Name":"Content-Length","Value":"570"},{"Name":"Content-Type","Value":"application/json"},{"Name":"ETag","Value":"\"slWiUvWRfuryzqGBCpCY3cOD8m7nYDNr2WhuVPSJif0=\""},{"Name":"Last-Modified","Value":"Tue, 30 Sep 2025 00:21:17 GMT"}],"EndpointProperties":[{"Name":"integrity","Value":"sha256-slWiUvWRfuryzqGBCpCY3cOD8m7nYDNr2WhuVPSJif0="}]},{"Route":"lib/jquery/LICENSE.afgyafcsqt.txt","AssetFile":"lib/jquery/LICENSE.txt","Selectors":[],"ResponseHeaders":[{"Name":"Accept-Ranges","Value":"bytes"},{"Name":"Cache-Control","Value":"max-age=31536000, immutable"},{"Name":"Content-Length","Value":"1641"},{"Name":"Content-Type","Value":"text/plain"},{"Name":"ETag","Value":"\"WtKlDye/qV68IA2W1tHFTyXyc/HjQvQKBpIK1CEulFM=\""},{"Name":"Last-Modified","Value":"Tue, 30 Sep 2025 00:21:17 GMT"}],"EndpointProperties":[{"Name":"fingerprint","Value":"afgyafcsqt"},{"Name":"integrity","Value":"sha256-WtKlDye/qV68IA2W1tHFTyXyc/HjQvQKBpIK1CEulFM="},{"Name":"label","Value":"lib/jquery/LICENSE.txt"}]},{"Route":"lib/jquery/LICENSE.txt","AssetFile":"lib/jquery/LICENSE.txt","Selectors":[],"ResponseHeaders":[{"Name":"Accept-Ranges","Value":"bytes"},{"Name":"Cache-Control","Value":"no-cache"},{"Name":"Content-Length","Value":"1641"},{"Name":"Content-Type","Value":"text/plain"},{"Name":"ETag","Value":"\"WtKlDye/qV68IA2W1tHFTyXyc/HjQvQKBpIK1CEulFM=\""},{"Name":"Last-Modified","Value":"Tue, 30 Sep 2025 00:21:17 GMT"}],"EndpointProperties":[{"Name":"integrity","Value":"sha256-WtKlDye/qV68IA2W1tHFTyXyc/HjQvQKBpIK1CEulFM="}]},{"Route":"lib/jquery/dist/jquery.a8eee2794i.js","AssetFile":"lib/jquery/dist/jquery.js","Selectors":[],"ResponseHeaders":[{"Name":"Accept-Ranges","Value":"bytes"},{"Name":"Cache-Control","Value":"max-age=31536000, immutable"},{"Name":"Content-Length","Value":"282115"},{"Name":"Content-Type","Value":"text/javascript"},{"Name":"ETag","Value":"\"igUc00PXGT1YBL1/Kf7QYy9fPlLqZKcEGrCqDz3EFDI=\""},{"Name":"Last-Modified","Value":"Tue, 30 Sep 2025 00:21:17 GMT"}],"EndpointProperties":[{"Name":"fingerprint","Value":"a8eee2794i"},{"Name":"integrity","Value":"sha256-igUc00PXGT1YBL1/Kf7QYy9fPlLqZKcEGrCqDz3EFDI="},{"Name":"label","Value":"lib/jquery/dist/jquery.js"}]},{"Route":"lib/jquery/dist/jquery.js","AssetFile":"lib/jquery/dist/jquery.js","Selectors":[],"ResponseHeaders":[{"Name":"Accept-Ranges","Value":"bytes"},{"Name":"Cache-Control","Value":"no-cache"},{"Name":"Content-Length","Value":"282115"},{"Name":"Content-Type","Value":"text/javascript"},{"Name":"ETag","Value":"\"igUc00PXGT1YBL1/Kf7QYy9fPlLqZKcEGrCqDz3EFDI=\""},{"Name":"Last-Modified","Value":"Tue, 30 Sep 2025 00:21:17 GMT"}],"EndpointProperties":[{"Name":"integrity","Value":"sha256-igUc00PXGT1YBL1/Kf7QYy9fPlLqZKcEGrCqDz3EFDI="}]},{"Route":"lib/jquery/dist/jquery.min.b804xvqo1w.map","AssetFile":"lib/jquery/dist/jquery.min.map","Selectors":[],"ResponseHeaders":[{"Name":"Accept-Ranges","Value":"bytes"},{"Name":"Cache-Control","Value":"max-age=31536000, immutable"},{"Name":"Content-Length","Value":"132370"},{"Name":"Content-Type","Value":"text/plain"},{"Name":"ETag","Value":"\"1eiGMA0y1kD5P/bXnTaiTKk8vtvQ8IC2nXAoI1HJXyE=\""},{"Name":"Last-Modified","Value":"Tue, 30 Sep 2025 00:21:17 GMT"}],"EndpointProperties":[{"Name":"fingerprint","Value":"b804xvqo1w"},{"Name":"integrity","Value":"sha256-1eiGMA0y1kD5P/bXnTaiTKk8vtvQ8IC2nXAoI1HJXyE="},{"Name":"label","Value":"lib/jquery/dist/jquery.min.map"}]},{"Route":"lib/jquery/dist/jquery.min.fc9074g7ds.js","AssetFile":"lib/jquery/dist/jquery.min.js","Selectors":[],"ResponseHeaders":[{"Name":"Accept-Ranges","Value":"bytes"},{"Name":"Cache-Control","Value":"max-age=31536000, immutable"},{"Name":"Content-Length","Value":"86929"},{"Name":"Content-Type","Value":"text/javascript"},{"Name":"ETag","Value":"\"T+aPohYXbm0fRYDpJLr+zJ9RmYTswGsahAoIsNiMld4=\""},{"Name":"Last-Modified","Value":"Tue, 30 Sep 2025 00:21:17 GMT"}],"EndpointProperties":[{"Name":"fingerprint","Value":"fc9074g7ds"},{"Name":"integrity","Value":"sha256-T+aPohYXbm0fRYDpJLr+zJ9RmYTswGsahAoIsNiMld4="},{"Name":"label","Value":"lib/jquery/dist/jquery.min.js"}]},{"Route":"lib/jquery/dist/jquery.min.js","AssetFile":"lib/jquery/dist/jquery.min.js","Selectors":[],"ResponseHeaders":[{"Name":"Accept-Ranges","Value":"bytes"},{"Name":"Cache-Control","Value":"no-cache"},{"Name":"Content-Length","Value":"86929"},{"Name":"Content-Type","Value":"text/javascript"},{"Name":"ETag","Value":"\"T+aPohYXbm0fRYDpJLr+zJ9RmYTswGsahAoIsNiMld4=\""},{"Name":"Last-Modified","Value":"Tue, 30 Sep 2025 00:21:17 GMT"}],"EndpointProperties":[{"Name":"integrity","Value":"sha256-T+aPohYXbm0fRYDpJLr+zJ9RmYTswGsahAoIsNiMld4="}]},{"Route":"lib/jquery/dist/jquery.min.map","AssetFile":"lib/jquery/dist/jquery.min.map","Selectors":[],"ResponseHeaders":[{"Name":"Accept-Ranges","Value":"bytes"},{"Name":"Cache-Control","Value":"no-cache"},{"Name":"Content-Length","Value":"132370"},{"Name":"Content-Type","Value":"text/plain"},{"Name":"ETag","Value":"\"1eiGMA0y1kD5P/bXnTaiTKk8vtvQ8IC2nXAoI1HJXyE=\""},{"Name":"Last-Modified","Value":"Tue, 30 Sep 2025 00:21:17 GMT"}],"EndpointProperties":[{"Name":"integrity","Value":"sha256-1eiGMA0y1kD5P/bXnTaiTKk8vtvQ8IC2nXAoI1HJXyE="}]}]}